app_147,app_276,4
app_147,app_6490,4
app_147,app_6693,4
app_147,app_8966,4
app_147,app_7443,4
app_1891,app_8966,4
app_1891,app_276,4
app_1891,app_6490,4
app_1891,app_7443,4
app_1891,app_6693,4
app_2263,app_8966,4
app_2263,app_276,4
app_2263,app_6490,4
app_2263,app_7443,4
app_2263,app_6693,4
app_233,app_8966,4
app_233,app_276,4
app_233,app_6490,4
app_233,app_7443,4
app_233,app_6693,4
app_5879,app_8966,4
app_5879,app_276,4
app_5879,app_6490,4
app_5879,app_7443,4
app_5879,app_6693,4
